{"old": {"1": 0.0, "2": 3.990650177001953e-05, "3": 0.0001197052001953125, "4": 0.0008975934982299805, "5": 0.004089899063110351, "6": 0.032105302810668944, "7": 0.27785634994506836, "8": 2.8553924560546875, "9": 33.30487251281738, "10": 455.1082932949066}, "new": {"1": NaN, "2": NaN, "3": 0.0, "4": 0.0, "5": 0.0018400049209594726, "6": 0.005469404921239736, "7": 0.014499977231025696, "8": 0.029061828340802873, "9": 0.06791575749715169, "10": 0.10791562497615814, "11": 0.33373268769711867, "12": 0.29907675665252065, "13": 0.368801512616746, "14": 0.5628960813794818, "15": 0.6452097689851801, "16": 1.4540379971874005, "17": 1.215451866388321, "18": 1.5458854410383436, "19": 2.306246985991796, "20": 2.956471790870031, "21": 6.783069299191845, "22": 4.496983980139096, "23": 6.497712651077582, "24": 6.555896748667178, "25": 10.021140038967133, "26": 10.405093152472313}}